RosenbrockProblem2_cross,nongp,1,8,52
RosenbrockProblem2_cross,nongp,2,9,54
RosenbrockProblem2_cross,nongp,3,8,53
RosenbrockProblem2_cross,nongp,4,7,53
RosenbrockProblem2_cross,nongp,5,7,54
RosenbrockProblem2_cross,nongp,6,11,53
RosenbrockProblem2_cross,nongp,7,4,56
RosenbrockProblem2_cross,nongp,8,6,55
RosenbrockProblem2_cross,nongp,9,5,51
RosenbrockProblem2_cross,nongp,10,9,57
RosenbrockProblem2_cross,nongp,11,8,55
RosenbrockProblem2_cross,nongp,12,10,53
RosenbrockProblem2_cross,nongp,13,10,53
RosenbrockProblem2_cross,nongp,14,9,55
RosenbrockProblem2_cross,nongp,15,6,53
RosenbrockProblem2_cross,nongp,16,8,51
RosenbrockProblem2_cross,nongp,17,4,53
RosenbrockProblem2_cross,nongp,18,5,57
RosenbrockProblem2_cross,nongp,19,7,54
RosenbrockProblem2_cross,nongp,20,11,54
AckleyProblem2_cross,nongp,3,1,62
AckleyProblem2_cross,nongp,4,1,57
AckleyProblem2_cross,nongp,6,1,58
AckleyProblem2_cross,nongp,10,3,54
AckleyProblem2_cross,nongp,11,1,55
AckleyProblem2_cross,nongp,12,2,54
AckleyProblem2_cross,nongp,15,1,57
AckleyProblem2_cross,nongp,18,1,54
AlpineProblem2_cross,nongp,3,1,55
AlpineProblem2_cross,nongp,4,2,58
AlpineProblem2_cross,nongp,8,1,64
ExpandedSchafferF6Problem2_cross,nongp,7,3,56
RastriginProblem2_cross,nongp,4,1,66
RastriginProblem2_cross,nongp,12,1,65
RastriginProblem2_cross,nongp,17,1,65
SalomonProblem2_cross,nongp,1,1,46
SchwefelProblem2_cross,nongp,5,4,53
SchwefelProblem2_cross,nongp,18,1,64
SphereProblem2_cross,nongp,1,3,59
SphereProblem2_cross,nongp,2,7,59
SphereProblem2_cross,nongp,3,7,59
SphereProblem2_cross,nongp,4,8,61
SphereProblem2_cross,nongp,5,9,60
SphereProblem2_cross,nongp,6,10,61
SphereProblem2_cross,nongp,7,7,60
SphereProblem2_cross,nongp,8,6,61
SphereProblem2_cross,nongp,9,5,60
SphereProblem2_cross,nongp,10,4,59
SphereProblem2_cross,nongp,11,7,60
SphereProblem2_cross,nongp,12,4,62
SphereProblem2_cross,nongp,13,4,61
SphereProblem2_cross,nongp,14,5,60
SphereProblem2_cross,nongp,15,6,59
SphereProblem2_cross,nongp,16,12,61
SphereProblem2_cross,nongp,17,4,61
SphereProblem2_cross,nongp,18,6,61
SphereProblem2_cross,nongp,19,4,64
SphereProblem2_cross,nongp,20,10,61
BealeProblem_cross,maxvar,9,49,201
BealeProblem_cross,maxvar,13,140,201
BealeProblem_cross,maxvar,16,199,201
BealeProblem_cross,maxvar,17,17,201
BealeProblem_cross,nongp,1,38,70
BealeProblem_cross,nongp,2,35,61
BealeProblem_cross,nongp,3,24,59
BealeProblem_cross,nongp,4,12,56
BealeProblem_cross,nongp,5,16,60
BealeProblem_cross,nongp,6,37,71
BealeProblem_cross,nongp,7,30,62
BealeProblem_cross,nongp,8,13,54
BealeProblem_cross,nongp,9,6,63
BealeProblem_cross,nongp,10,29,59
BealeProblem_cross,nongp,11,23,59
BealeProblem_cross,nongp,12,19,56
BealeProblem_cross,nongp,13,19,62
BealeProblem_cross,nongp,14,38,67
BealeProblem_cross,nongp,15,30,61
BealeProblem_cross,nongp,16,16,59
BealeProblem_cross,nongp,17,15,51
BealeProblem_cross,nongp,18,33,63
BealeProblem_cross,nongp,19,16,59
BealeProblem_cross,nongp,20,43,70
BealeProblem_cross,eiv,5,3,101
BealeProblem_cross,eiv,6,138,201
BealeProblem_cross,eiv,8,8,101
BealeProblem_cross,eiv,9,8,101
BealeProblem_cross,eiv,14,4,101
BealeProblem_cross,eiv,17,45,101
BoothProblem_cross,nongp,1,5,55
BoothProblem_cross,nongp,2,11,55
BoothProblem_cross,nongp,3,2,51
BoothProblem_cross,nongp,4,6,53
BoothProblem_cross,nongp,5,10,53
BoothProblem_cross,nongp,6,5,53
BoothProblem_cross,nongp,7,12,52
BoothProblem_cross,nongp,8,12,54
BoothProblem_cross,nongp,9,12,51
BoothProblem_cross,nongp,10,13,53
BoothProblem_cross,nongp,11,8,53
BoothProblem_cross,nongp,12,7,53
BoothProblem_cross,nongp,13,7,55
BoothProblem_cross,nongp,14,8,52
BoothProblem_cross,nongp,15,10,54
BoothProblem_cross,nongp,16,8,52
BoothProblem_cross,nongp,17,11,57
BoothProblem_cross,nongp,18,9,56
BoothProblem_cross,nongp,19,11,56
BoothProblem_cross,nongp,20,5,55
CrossInTrayProblem_cross,nongp,12,2,61
CrossInTrayProblem_cross,nongp,14,1,65
CrossInTrayProblem_cross,nongp,16,2,61
GoldsteinPriceProblem_cross,maxvar,3,4,201
GoldsteinPriceProblem_cross,maxvar,5,22,201
GoldsteinPriceProblem_cross,maxvar,7,12,201
GoldsteinPriceProblem_cross,maxvar,16,15,201
GoldsteinPriceProblem_cross,nongp,1,39,67
GoldsteinPriceProblem_cross,nongp,2,24,61
GoldsteinPriceProblem_cross,nongp,3,26,62
GoldsteinPriceProblem_cross,nongp,4,4,41
GoldsteinPriceProblem_cross,nongp,5,22,54
GoldsteinPriceProblem_cross,nongp,6,34,66
GoldsteinPriceProblem_cross,nongp,7,24,59
GoldsteinPriceProblem_cross,nongp,8,18,57
GoldsteinPriceProblem_cross,nongp,10,42,69
GoldsteinPriceProblem_cross,nongp,11,32,68
GoldsteinPriceProblem_cross,nongp,12,15,48
GoldsteinPriceProblem_cross,nongp,13,16,58
GoldsteinPriceProblem_cross,nongp,14,17,56
GoldsteinPriceProblem_cross,nongp,15,46,68
GoldsteinPriceProblem_cross,nongp,16,24,60
GoldsteinPriceProblem_cross,nongp,17,31,67
GoldsteinPriceProblem_cross,nongp,19,25,63
GoldsteinPriceProblem_cross,nongp,20,27,56
GoldsteinPriceProblem_cross,eiv,9,4,101
GoldsteinPriceProblem_cross,eiv,18,16,101
GoldsteinPriceProblem_cross,eiv,19,1,101
HimmelblauProblem_cross,nongp,1,22,62
HimmelblauProblem_cross,nongp,2,9,55
HimmelblauProblem_cross,nongp,3,13,59
HimmelblauProblem_cross,nongp,4,16,60
HimmelblauProblem_cross,nongp,5,2,55
HimmelblauProblem_cross,nongp,6,17,58
HimmelblauProblem_cross,nongp,7,12,56
HimmelblauProblem_cross,nongp,8,4,65
HimmelblauProblem_cross,nongp,9,7,61
HimmelblauProblem_cross,nongp,10,6,52
HimmelblauProblem_cross,nongp,11,3,61
HimmelblauProblem_cross,nongp,12,20,53
HimmelblauProblem_cross,nongp,13,11,55
HimmelblauProblem_cross,nongp,14,7,50
HimmelblauProblem_cross,nongp,15,6,53
HimmelblauProblem_cross,nongp,16,20,61
HimmelblauProblem_cross,nongp,17,27,61
HimmelblauProblem_cross,nongp,18,11,57
HimmelblauProblem_cross,nongp,19,14,62
HimmelblauProblem_cross,nongp,20,15,58
HolderTableProblem_cross,nongp,1,3,60
HolderTableProblem_cross,nongp,6,1,51
HolderTableProblem_cross,nongp,9,5,57
HolderTableProblem_cross,nongp,11,4,55
HolderTableProblem_cross,nongp,14,1,58
HolderTableProblem_cross,nongp,15,1,58
HolderTableProblem_cross,nongp,18,1,57
HolderTableProblem_cross,nongp,19,3,56
LeviN13Problem_cross,nongp,1,11,50
LeviN13Problem_cross,nongp,2,17,49
LeviN13Problem_cross,nongp,3,14,45
LeviN13Problem_cross,nongp,4,9,56
LeviN13Problem_cross,nongp,5,2,48
LeviN13Problem_cross,nongp,6,13,49
LeviN13Problem_cross,nongp,7,10,54
LeviN13Problem_cross,nongp,8,1,54
LeviN13Problem_cross,nongp,9,3,46
LeviN13Problem_cross,nongp,10,13,55
LeviN13Problem_cross,nongp,11,12,47
LeviN13Problem_cross,nongp,12,13,51
LeviN13Problem_cross,nongp,15,8,50
LeviN13Problem_cross,nongp,16,14,47
LeviN13Problem_cross,nongp,17,1,52
LeviN13Problem_cross,nongp,18,1,50
LeviN13Problem_cross,nongp,19,6,56
LeviN13Problem_cross,nongp,20,10,54
SchafferN2Problem_cross,nongp,19,1,57
